id,url
0,https://news.yahoo.com/russia-warns-united-states-against-084812207.html
1,https://www.yahoo.com/entertainment/virginia-courthouse-depp-fans-clamor-104244937.html
2,https://news.yahoo.com/world-reopens-north-korea-one-121420570.html
3,https://news.yahoo.com/why-road-getting-even-rockier-142832183.html
4,https://news.yahoo.com/air-force-general-convicted-historic-195246335.html
5,https://news.yahoo.com/hunter-biden-prime-target-republicans-045236242.html
6,https://news.yahoo.com/analysis-loss-victory-far-frances-040303203.html
7,https://news.yahoo.com/emmanuel-macron-declares-victory-french-223241138.html
8,https://news.yahoo.com/frances-macron-defeats-far-le-235243834.html
9,https://news.yahoo.com/aliens-created-universe-lab-scientist-153800144.html
10,https://news.yahoo.com/superyacht-captain-deployed-sonic-weapons-123645856.html
11,https://news.yahoo.com/ukraine-says-russia-deploys-iskander-061223183.html
12,https://news.yahoo.com/eight-dead-russian-attacks-ukraine-055943487.html
13,https://news.yahoo.com/russia-ukraine-latest-news-large-221814000.html
14,https://news.yahoo.com/community-gathers-honor-north-carolina-225301864.html
15,https://news.yahoo.com/m/be8744ec-cd4d-39b7-bb23-fbe60099f974/%E2%80%98i-don%E2%80%99t-want-to-come-across.html
16,https://news.yahoo.com/10-early-signs-symptoms-alzheimers-194916449.html
17,https://news.yahoo.com/black-couple-takes-justice-own-192800003.html
18,https://news.yahoo.com/black-couple-win-lawsuit-claiming-204830017.html
19,https://news.yahoo.com/california-store-owners-were-racially-165950152.html
20,https://news.yahoo.com/indonesia-worlds-top-cooking-oil-050215020.html
21,https://news.yahoo.com/indonesias-palm-oil-export-ban-044554312.html
22,https://news.yahoo.com/malaysia-urges-countries-prioritise-food-050134644.html
23,https://news.yahoo.com/swiss-veto-german-request-export-062802539.html
24,https://news.yahoo.com/28-old-man-dies-overdose-153353921.html
25,https://news.yahoo.com/marjorie-taylor-greene-tweets-today-205139753.html
26,https://news.yahoo.com/marjorie-taylor-greene-accused-stealing-174404323.html
27,https://news.yahoo.com/job-voters-rickety-constitutional-argument-120017675.html
28,https://news.yahoo.com/family-buries-mexican-teenager-reignited-035751491.html
29,https://news.yahoo.com/outrage-over-death-mexican-female-081844716.html
30,https://news.yahoo.com/women-porest-mexico-city-over-204421800.html
31,https://news.yahoo.com/orlando-freefall-amusement-park-ride-060646808.html
32,https://news.yahoo.com/lawsuit-filed-monday-death-teen-024725088.html
33,https://news.yahoo.com/wrongful-death-lawsuit-filed-death-100151293.html
34,https://news.yahoo.com/fox-news-neil-cavuto-bashed-224618598.html
35,https://news.yahoo.com/afghan-defence-minister-says-not-193200647.html
36,https://news.yahoo.com/arby-employee-tosses-hot-grease-152726153.html
37,https://news.yahoo.com/animal-rights-activist-tackled-security-133940870.html
38,https://news.yahoo.com/nba-playoffs-timberwolves-grizzlies-interrupted-another-protester-042136960.html
39,https://news.yahoo.com/animal-rights-activist-tackled-running-044816581.html
40,https://news.yahoo.com/wildfires-explode-drought-hit-mexico-174158012.html
41,https://news.yahoo.com/one-dead-thousands-forced-flee-170044500.html
42,https://news.yahoo.com/mexico-wildfire-130930077.html
43,https://news.yahoo.com/michael-cohen-explodes-trumps-latest-080851277.html
44,https://news.yahoo.com/russias-military-may-trying-hide-140038303.html
45,https://news.yahoo.com/zelensky-thanks-us-support-during-163917293.html
46,https://news.yahoo.com/neighborhood-wisconsin-man-charged-hate-210400134.html
47,https://news.yahoo.com/dragon-trail-eerie-aftermath-downed-114516829.html
48,https://news.yahoo.com/surge-desert-surf-parks-stirs-164354950.html
49,https://www.foxnews.com/world/russia-oil-depot-fire-near-ukraine-border-photos
50,https://www.foxbusiness.com/politics/twitter-re-examines-musks-bid-tesla-ceo-secures-financing
51,https://www.foxnews.com/politics/hunter-biden-beau-bidens-widow-hiv-2018-email
52,https://www.foxnews.com/politics/schumer-pelosi-affiliated-dark-money-groups-funnel-millions-of-anonymous-donor-cash-into-midterm-elections
53,https://www.foxnews.com/us/fbi-christopher-wray-police-officer-murders
54,https://www.foxnews.com/media/randi-weingarten-says-republicans-dont
55,https://www.foxnews.com/media/ron-klain-mocked-touting-biden-unpopularity-french-election-2024-victory
56,https://www.foxbusiness.com/markets/sp-500-fall-sharply-bear-market-morgan-stanley
57,https://www.foxnews.com/us/coast-guard-mississippi-river-new-orleans-three-missing-minors
58,https://www.foxnews.com/politics/house-republicans-ecohealth-alliance-concealed-data
59,https://www.foxnews.com/politics/kemp-perdue-clash-in-heated-georgia-gop-debate
60,https://www.foxnews.com/us/utah-deputy-wife-4-killed-single-engine-plane-crash
61,https://www.foxnews.com/us/orlando-freefall-amusement-park-ride-safety-expert-says-someone-killed-teenager-charges-should-be-filed
62,https://www.foxnews.com/lifestyle/air-force-veteran-fertility-issue-knowledge-power
63,https://www.foxnews.com/world/australian-pm-says-new-chinese-base-would-be-red-line-for-australia-us
64,https://www.foxnews.com/media/former-ny-police-chief-laron-singletary-gop-congressional-bid-democratic-party-left-me
65,https://www.foxnews.com/media/nyt-magazines-1619-project-mainstream-media-crt-race-based-reporting
66,https://www.foxnews.com/media/piers-morgan-uncensored-fox-nation-trump
67,https://www.foxnews.com/us/red-bull-plane-swap-stunt-ends-with-crash-in-arizona
68,https://www.foxnews.com/politics/ny-state-sen-candidate-held-anti-cop-sign-blm-rally-didnt-know
69,https://www.foxnews.com/us/chicago-violent-weekend-murders-people-shot
70,https://www.foxnews.com/us/florida-authorities-release-body-cam-footage-wedding-drug-laced-food
71,https://www.foxbusiness.com/sports/nfl-draft-2022-lineman-financial-advice-rookies
72,https://www.foxnews.com/entertainment/kardashians-blac-chyna-court-trial-brand-experts
73,https://www.foxnews.com/entertainment/prince-harry-meghan-markle-tina-brown-book-palace-papers
74,https://www.foxweather.com/weather-news/severe-storms-stymie-texas-air-travel-and-threaten-flash-flooding-through-monday
75,https://www.foxnews.com/us/utah-nonprofit-supplies-ukraine-refugee-camps
76,https://www.foxnews.com/world/russia-unleashes-attacks-on-ukraine-railways-victims-reported
77,https://www.foxnews.com/politics/biden-nominates-bridget-brink-as-new-us-ambassador-to-ukraine
78,https://www.foxnews.com/world/ukrainian-lawmaker-russia-trying-forcibly-deport-civilians-mariupol
79,https://www.foxnews.com/world/ukraine-leader-pushes-more-arms-us-officials-visit
80,https://www.foxbusiness.com/personal-finance/mortgage-rates-surge-homebuyers
81,https://www.huffpost.com/entry/elon-musk-twitter-talks-possible-deal_n_62661b8fe4b07c34e9e2f5b7
82,https://www.huffpost.com/entry/erin-maye-quade-labor-minnesota_n_62660a64e4b0197ae3f7b793
83,https://www.huffpost.com/entry/oregon-prison-system-legal-assistant_n_62604225e4b08393e1bfdd7f
84,https://www.huffpost.com/entry/kellyanne-conway-groping-charles-herbster-nebraska_n_62660167e4b0197ae3f7b0b6
85,https://www.huffpost.com/entry/steven-romo-stephen-morgan-houston-engagement_n_6262c1dbe4b0d077485f9173
86,https://www.huffpost.com/entry/sherri-papini-divorce-kidnapping_n_6266aaa8e4b0197ae3f91919
87,https://www.huffpost.com/entry/joy-reid-ron-desantis-child-abuse_n_62669ad1e4b0ea625c0a65b0
88,https://www.huffpost.com/entry/white-hot-popular-netflix-movies_l_626618a7e4b0d07748621b72
89,https://www.huffpost.com/entry/donald-trump-prince-harry-whipped_n_62665a88e4b0d077486295ba
90,https://www.huffpost.com/entry/lucius-fox-vomit-baseball_n_6266835ae4b0d077486304c2
91,https://www.huffpost.com/entry/covid-symptoms-negative-rapid-test_l_62618a22e4b04adcef043535
92,https://www.huffpost.com/entry/important-phrases-teach-kids_l_625ef015e4b0723f801e0d88
93,https://www.huffpost.com/entry/best-morning-skin-care-routine-spring_l_625f138ee4b066ecde18ab5d
94,https://www.huffpost.com/entry/what-to-eat-for-breakfast-when-traveling_l_624757fce4b007d38455f0e4
95,https://www.huffpost.com/entry/donald-trump-michael-cohen-stupid-ohio-rally_n_626627b4e4b0ea625c094cbe
96,https://www.huffpost.com/entry/selling-sunset-popular-netflix-shows_l_62660eece4b00b4e01806e18
97,https://www.huffpost.com/entry/piers-morgan-donald-trump-rupert-murdoch-interview-conflict-election-lies_n_6265c2e9e4b07c34e9e2ae42
98,https://www.huffpost.com/entry/antonio-reed-teabag-halo_n_62666c60e4b00b4e01812de6
99,https://www.huffpost.com/entry/doctor-strange-multiverse-madness-banned-saudi-arabia_n_62657bace4b00b4e017fb777
100,https://www.huffpost.com/entry/asexual-dating-misconceptions-internet-got-wrong_n_60c8dd2ae4b09ba204a99965
101,https://www.huffpost.com/entry/pregnancy-abortion-bill-law_n_6064b2a4c5b6d34efbc7dce4
102,https://www.huffpost.com/entry/romance-relationship-new-love_n_625adb6be4b06c2ea32b1fb8
103,https://www.huffpost.com/entry/twin-death-cristiano-ronaldo_n_626050d6e4b09c32edf7be5c
104,https://www.huffpost.com/entry/roger-stone-god-donald-trump-pardon-campaign-rally_n_6264ccdfe4b0d0774860d1af
105,https://www.huffpost.com/entry/jd-vance-trump-ohio-endorsement_n_62645b2ce4b07c34e9e17ea3
106,https://www.huffpost.com/entry/orrin-hatch-dead-utah-senator_n_62649d95e4b0d0774860c588
107,https://www.huffpost.com/entry/jamie-raskin-jan-6-cult-deprogrammers-republicans_n_626475b8e4b00b4e017f0cf5
108,https://www.huffpost.com/entry/chris-rocks-mom-stern-message-for-will-smith-oscars-slap_n_62657ed7e4b00b4e017fba1d
109,https://www.huffpost.com/entry/megan-thee-stallion-alleged-tory-lanez-shooting_n_6265648fe4b00b4e017fa398
110,https://www.huffpost.com/entry/how-soon-can-you-quit-job_l_6260229ee4b066ecde1a9800
111,https://www.huffpost.com/entry/knee-pain-tips_l_62613ebee4b09c32edf91a93
112,https://www.huffpost.com/entry/makeup-brushes-vs-fingers_l_62475b1ee4b068157f773755
113,https://www.huffpost.com/entry/aoa-skin-invisible-acne-patch_l_624c5225e4b09817450661eb
114,https://www.huffpost.com/entry/travel-items-solo-trip-abroad_l_624dffeee4b0d8266ab4c688
115,https://www.huffpost.com/entry/funniest-tweets-from-women-april-16-22_n_6261c26ce4b0ea625c04d516
116,https://www.huffpost.com/entry/dwayne-haskins-pittsburgh-steelers-highway-accident_n_626051cae4b08393e1bff5f3
117,https://www.buzzfeednews.com/article/kendalltaggart/kkr-group-homes-takeaways
118,https://www.buzzfeednews.com/article/johntemplon/kkr-buzzfeed-news-data-analysis
119,https://www.buzzfeednews.com/article/davidmack/merriam-webster-threats-charges-girl-female
120,https://www.buzzfeednews.com/article/sarahmimms/karmao-michigan-secretary-of-state-election-denial
121,https://www.buzzfeednews.com/article/salvadorhernandez/dc-shooting-gunman
122,https://www.buzzfeednews.com/article/piapeterson/photo-stories-april-23
123,https://www.buzzfeednews.com/article/carolineodonovan/amazon-workers-complaint-fired-organizing
124,https://www.buzzfeednews.com/article/kadiagoba/disney-desantis-republicans-disneyworld-florida
125,https://www.buzzfeednews.com/article/stefficao/nsw-police-blocks-tiktok-duets
126,https://www.buzzfeednews.com/article/danvergano/charleston-homeless-politics
127,https://www.buzzfeednews.com/article/adolfoflores/ukrainians-us-mexico-border-treatment
128,https://www.buzzfeednews.com/article/davidmack/day-silence-anti-lgbtq-laws-protest-glsen
129,https://www.buzzfeednews.com/article/leylamohammed/britney-spears-kevin-federline-refused-to-see-her-pregnant
130,https://www.buzzfeednews.com/article/stephaniesoteriou/ezra-miller-hawaii-arrest-history-concerning-behavior
131,https://www.buzzfeednews.com/article/leylamohammed/khloe-kardashian-afraid-to-post-photos-ridiculed-photoshop
132,https://www.buzzfeednews.com/article/piapeterson/women-falconers-unleash-their-hawks-in-this-incredible
133,https://www.buzzfeednews.com/article/kelseyweekman/brad-leone-bon-appetit-botulism-scandal
134,https://www.buzzfeednews.com/article/skbaer/kris-jenner-blac-chyna-kylie-death-threats
135,https://www.buzzfeednews.com/article/salvadorhernandez/brian-kolfage-wall-guilty-millions
136,https://www.buzzfeednews.com/article/stefficao/coachella-2022-influencer-work-event
137,https://www.buzzfeednews.com/article/juliareinstein/florida-bride-arrest-weed-wedding-food
138,https://www.buzzfeednews.com/article/albertsamaha/fast-food-worker-strikes-jack-in-the-box
139,https://www.buzzfeednews.com/article/zoetillman/capitol-riot-jan6-defendants-plea-money
140,https://www.buzzfeednews.com/article/zahrahirji/epa-unions-trump-science-protections
141,https://www.buzzfeednews.com/article/alessadominguez/captive-audience-hulu-steven-stayner-review
142,https://www.buzzfeednews.com/article/davidmack/robert-morse-dies
143,https://www.buzzfeednews.com/article/leylamohammed/ellen-pompeo-katherine-heigl-greys-anatomy-conditions-cruel
144,https://news.yahoo.com/marjorie-taylor-greene-texted-mark-172340110.html
145,https://news.yahoo.com/let-punk-parents-california-teen-150000748.html
146,https://news.yahoo.com/blasts-hit-ministry-transnistria-next-165550190.html
147,https://news.yahoo.com/rep-jamie-raskin-says-chilling-140601570.html
148,https://www.foxnews.com/media/the-view-ron-desantis-actions-disney-message-hate
149,https://www.buzzfeednews.com/article/leylamohammed/kevin-federline-britney-spears-lawyer-denies-pregnant-claims
150,https://news.yahoo.com/indonesias-palm-oil-export-ban-044554967.html
151,https://news.yahoo.com/ford-f-150-lightning-electric-pickup-may-be-sold-out-ahead-of-launch-160647436.html
152,https://www.foxnews.com/politics/court-holds-trump-in-contempt-issues-daily-10k-fines-until-he-complies-with-ny-ag-probe
153,https://www.foxnews.com/world/ukraine-wants-un-to-oversee-evacuations-from-mariupol-steel-plant
154,https://www.foxnews.com/entertainment/wonder-woman-lynda-carter-honors-husband-robert-a-altman
155,https://www.huffpost.com/entry/robin-roberts-2012-obama-same-sex-marriage-interview_n_62669fc5e4b0dc52f499edc7
156,https://news.yahoo.com/north-dakota-lawmaker-quits-child-172043018.html
157,https://news.yahoo.com/russian-twists-overrated-train-abs-161800531.html
158,https://news.yahoo.com/tour-boat-mexico-hits-whale-015534096.html
159,https://www.foxnews.com/media/elon-musk-purchasing-twitter-eruption
160,https://www.foxnews.com/politics/supreme-court-tackles-case-of-hs-football-coachs-on-fielf-prayer
161,https://news.yahoo.com/marjorie-taylor-greene-said-lawmakers-182358688.html
162,https://news.yahoo.com/marjorie-taylor-greene-told-meadows-171853295.html
163,https://www.foxnews.com/politics/biden-admin-plan-counter-threats-drones
164,https://news.yahoo.com/bedsure-satin-pillowcase-sale-101334320.html
165,https://www.foxnews.com/media/elizabeth-warren-dems-midterms-biden-ronna-mcdaniel
166,https://news.yahoo.com/marine-corps-declares-heavy-lift-180940691.html
167,https://news.yahoo.com/twitter-said-close-deal-elon-105003654.html
168,https://news.yahoo.com/u-republican-lawmaker-jordan-twitter-125809352.html
169,https://news.yahoo.com/m/4fde980e-d534-3f80-9588-011ddf5031d7/billionaires-and-the-1-are.html
170,https://news.yahoo.com/texts-show-greene-urged-meadows-175758331.html
171,https://news.yahoo.com/everything-know-murder-debanhi-escobar-184845010.html
172,https://news.yahoo.com/family-teen-died-fall-fla-185017763.html
173,https://www.huffpost.com/entry/court-rules-new-york-attorney-general-donald-trump-contempt_n_6266d167e4b0d0774863ce9a
174,https://www.huffpost.com/entry/joe-biden-endorses-kurt-schrader_n_6266cb90e4b00b4e018222df
175,https://www.huffpost.com/entry/jared-padalecki-jensen-ackles-car-accident_n_6266ccd8e4b0dc52f49a64e3
176,https://www.huffpost.com/entry/kevin-sorbo-cnn-plus-twitter_n_62660ae4e4b07c34e9e2e57b
177,https://www.buzzfeednews.com/article/zoetillman/capitol-riot-codefendants-jan6-case-separation
178,https://www.buzzfeednews.com/article/stephaniesoteriou/euphoria-alexa-demie-sam-levinson-huge-change-script
179,https://news.yahoo.com/elon-musk-acquires-twitter-44-192334476.html
180,https://news.yahoo.com/elon-musk-to-buy-twitter-for-44-billion-185306641.html
181,https://news.yahoo.com/marjorie-taylor-greene-sent-urgent-181428862.html
182,https://news.yahoo.com/kind-soul-friends-mourn-loss-183846750.html
183,https://news.yahoo.com/18-old-drowns-nj-pond-133024903.html
184,https://news.yahoo.com/parents-sue-death-teen-florida-182917457.html
185,https://news.yahoo.com/hunter-biden-demanded-beau-biden-060107742.html
186,https://news.yahoo.com/ancient-goddess-sculpture-found-farmer-150359277.html
187,https://www.foxnews.com/us/texas-execution-killing-daughter
188,https://www.foxnews.com/us/body-missing-texas-national-guard-soldier-found
189,https://www.foxnews.com/media/ny-times-column-frets-conservative-judges-permanently-weaken-governments-response-next-pandemic
190,https://www.huffpost.com/entry/john-oliver-air-bud_n_62662a31e4b07c34e9e2fe42
191,https://news.yahoo.com/lily-peters-news-latest-body-192637945.html
192,https://news.yahoo.com/missing-10-old-girl-found-190143420.html
193,https://news.yahoo.com/gov-ron-desantis-calls-lawmakers-223615610.html
194,https://news.yahoo.com/black-voters-punch-back-polls-010600197.html
195,https://news.yahoo.com/donald-trump-held-contempt-court-191843333.html
196,https://news.yahoo.com/chair-flies-pickup-striking-vermont-125027549.html
197,https://www.foxnews.com/media/msnbc-segment-off-the-rails-debate-voter-suppression
198,https://www.foxnews.com/world/canada-pm-trudeau-freedom-convoy-protest-investigative-commission
199,https://www.foxnews.com/politics/jack-brewer-msnbc-joy-reid-apology-black-kids-desantis-event-child-abuse
200,https://www.foxbusiness.com/economy/inflation-small-businesses-goldman-sachs
201,https://www.huffpost.com/entry/truckers-peoples-convoy-egged-oakland_n_6265e1a1e4b07c34e9e2cfec
202,https://news.yahoo.com/elon-musk-reaches-deal-buy-190404912.html
203,https://news.yahoo.com/billionaire-elon-musk-reaches-agreement-195926030.html
204,https://news.yahoo.com/trucker-struggles-stop-big-rig-191428381.html
205,https://news.yahoo.com/putin-accuses-west-trying-murder-110009638.html
206,https://www.foxnews.com/politics/white-house-public-engagement-director-called-squad-members-f-ing-idiots-book
207,https://www.foxnews.com/politics/san-francisco-voters-duped-by-da-chesa-boudin-bay-area-residents
208,https://www.foxnews.com/politics/washington-legislature-strikes-word-marijuana-from-state-laws-alleging-racism
209,https://www.foxnews.com/entertainment/rust-investigation-santa-fe-county-sheriff-office-releases-police-footage-photos-interviews
210,https://www.foxnews.com/politics/sen-paul-celebrates-end-to-mask-mandate-as-he-arrives-for-first-flight-since-ruling-it-is-a-happy-day
211,https://www.foxnews.com/sports/bears-bryon-pringle-arrested-doing-donuts-young-child-back-seat-report
212,https://www.foxnews.com/world/superyacht-captain-fended-off-kalashnikov-wielding-pirates-pain-rays-worker-says
213,https://www.huffpost.com/entry/gop-debate-big-lie-georgia_n_6266de52e4b07c34e9e4c052
214,https://www.huffpost.com/entry/patrick-lyoya-police-officer-identified_n_6266f66de4b0197ae3f9b8d4
215,https://www.huffpost.com/entry/supreme-court-school-prayer_n_6266ebf5e4b0d07748640011
216,https://news.yahoo.com/body-missing-10-old-wisconsin-181820625.html
217,https://news.yahoo.com/police-body-missing-10-old-204950912.html
218,https://news.yahoo.com/florida-governor-signs-bill-creating-194812421.html
219,https://news.yahoo.com/m/996c91b6-ff0f-3cac-8131-49e2601e69f5/many-americans-feel-the.html
220,https://news.yahoo.com/japans-shionogi-says-covid-19-112004466.html
221,https://www.foxnews.com/politics/bidens-call-macron-goes-unanswered-election-night
222,https://www.foxbusiness.com/lifestyle/joe-rogan-spotify-controversy-2-million-subscriber-growth
223,https://www.foxnews.com/us/florida-bride-marijuana-laced-catering-bodycam
224,https://www.huffpost.com/entry/lea-michele-jonathan-groff-surrogate-baby_n_6266de99e4b0197ae3f99230
225,https://www.huffpost.com/entry/kevin-mccarthy-trump-lie_n_6266fd69e4b00b4e01827959
226,https://news.yahoo.com/trump-elon-musk-rejoin-twitter-201822842.html
227,https://news.yahoo.com/sbu-reveals-russian-invaders-chatting-113000955.html
228,https://news.yahoo.com/m/7fabd3ba-af5b-387f-92e8-d2f9dfcfb507/here-s-what-disney-s-reedy.html
229,https://news.yahoo.com/m/3e9c5108-75e9-33ea-9a09-51049005caec/desantis-signs-bill-to-create.html
230,https://news.yahoo.com/gigi-hadid-celebrates-27th-birthday-205521241.html
231,https://news.yahoo.com/jack-brewer-demands-joy-reid-191122178.html
232,https://www.foxnews.com/health/long-covid-19-may-be-caused-abnormally-suppressed-immune-system-small-ucla-led-study
233,https://www.foxnews.com/media/former-cbs-reporter-becomes-planned-parenthoods-news-content-director
234,https://www.foxnews.com/us/school-principals-meet-biden-education-secretary-after-asking-him-ban-hostile-parents-from-school-grounds
235,https://www.foxbusiness.com/lifestyle/spacex-starlink-hawaiian-airlines-wifi
236,https://www.foxbusiness.com/lifestyle/cme-medica-equipment-costs
237,https://www.huffpost.com/entry/jody-hice-georgia-secretary-of-state-trump_n_6266eb9ee4b07c34e9e4d6e1
238,https://www.huffpost.com/entry/fire-island-gay-romantic-comedy-trailer_n_6266fc7de4b0d07748641979
239,https://news.yahoo.com/mitch-mcconnell-said-trump-put-212757617.html
240,https://news.yahoo.com/trump-news-live-former-president-104907653.html
241,https://news.yahoo.com/mass-family-wins-5-million-195858994.html
242,https://news.yahoo.com/fda-identifies-2-red-flag-204621756.html
243,https://news.yahoo.com/best-amazon-sales-214336870.html
244,https://news.yahoo.com/century-old-russian-rescue-ship-110100955.html
245,https://www.foxbusiness.com/politics/sen-james-lankford-latest-edition-government-waste-watch-federal-fumbles
246,https://www.foxnews.com/politics/aapi-groups-protest-california-dem-interpreter-michelle-steel
247,https://www.foxnews.com/us/california-woods-yogurt-snow
248,https://www.foxnews.com/entertainment/will-smith-traveled-india-spiritual-practice-yoga-meditation-oscars-slap
249,https://www.foxbusiness.com/lifestyle/golf-club-massachusetts-home-damaged-lawsuit
250,https://www.foxbusiness.com/markets/jcpenney-owners-offer-buy-archrival-kohls-8-6b
251,https://www.huffpost.com/entry/megan-thee-stallion-says-tory-lanez-offered-her-1-million-to-stay-quiet-about-shooting_n_6266da6ce4b0197ae3f98bce
252,https://news.yahoo.com/heavy-weaponry-pours-ukraine-commanders-083000174.html
253,https://news.yahoo.com/putin-accuses-west-plotting-kill-142342475.html
254,https://news.yahoo.com/russian-spies-hilariously-screw-putin-221946536.html
255,https://www.foxnews.com/media/homan-biden-border-patrol-death-texas-national-guardsman
256,https://www.foxnews.com/us/kenosha-parks-committee-consider-memorial-tree-plaque-honoring-anthony-huber-rittenhouse
257,https://www.foxnews.com/sports/usfl-week-2-recap-scores-standings-more
258,https://www.foxnews.com/entertainment/princess-bride-star-cary-elwes-bitten-by-rattlesnake
259,https://www.huffpost.com/entry/lawsuit-teenager-killed-orlando-amusement-park_n_6266e832e4b0197ae3f9a2b7
260,https://news.yahoo.com/disney-should-tell-florida-gov-de-santis-to-pound-sand-203203596.html
261,https://news.yahoo.com/desantis-tests-limits-combative-style-111921579.html
262,https://news.yahoo.com/stay-culture-war-disney-desantis-205615301.html
263,https://news.yahoo.com/florida-revokes-disney-special-tax-135140387.html
264,https://news.yahoo.com/mitch-mcconnell-said-trump-put-212609909.html
265,https://news.yahoo.com/ukraine-russia-know-now-034041945.html
266,https://news.yahoo.com/missouri-lawmaker-writes-back-retired-213639981.html
267,https://news.yahoo.com/ads-soft-spoken-arkansas-sen-120247588.html
268,https://news.yahoo.com/north-dakota-state-senator-quits-215619429.html
269,https://www.foxnews.com/media/wapo-nyt-report-dems-forecasting-increasingly-dire-results-in-november-say-white-house-too-disorganized
270,https://www.foxnews.com/politics/democrat-chair-jaime-harrison-calls-florida-gov-desantis-little-devil
271,https://www.foxnews.com/media/abc-cbs-nbc-ignored-border-patrol-being-cleared-whipping
272,https://www.foxnews.com/media/supreme-court-football-coach-joe-kennedy-bremerton-washington-speaks-out
273,https://news.yahoo.com/column-florida-desantis-punishes-disney-223335343.html
274,https://news.yahoo.com/everything-know-homicide-investigation-death-214144349.html
275,https://news.yahoo.com/women-are-using-menstrual-cups-to-try-to-conceive-heres-what-experts-have-to-say-220454623.html
276,https://news.yahoo.com/supreme-court-top-high-school-213330755.html
277,https://news.yahoo.com/supreme-court-oks-race-neutral-222221608.html
278,https://news.yahoo.com/u-supreme-court-allows-high-211030524.html
279,https://news.yahoo.com/supreme-court-declines-block-elite-224859212.html
280,https://www.foxnews.com/us/austin-three-weekend-shootings-8-hour-period
281,https://www.huffpost.com/entry/trump-elon-musk-twitter-truth-social_n_62671460e4b07c34e9e50bb7
282,https://www.buzzfeednews.com/article/leylamohammed/kim-kardashian-kylie-jenner-swimwear-compared-viral-tiktok
283,https://www.foxnews.com/us/court-grants-temporary-order-blocking-biden-administration-from-lifting-title-42
284,https://www.foxnews.com/media/texas-national-guardsman-who-died-trying-to-rescue-migrants-receives-scant-media-coverage
285,https://www.foxnews.com/sports/dillian-whyte-tyson-fury-used-illegal-move-heavyweight-title-bout
286,https://news.yahoo.com/fmr-disney-exec-says-bob-chapek-fumbled-dont-say-gay-you-cannot-ride-the-fence-211341393.html
287,https://news.yahoo.com/russia-warns-serious-nuclear-war-235059355.html
288,https://www.foxnews.com/media/ukraine-embassy-reopening-turning-point-russian-invasion
289,https://www.huffpost.com/entry/twitter-elon-musk-democrats_n_62672fcbe4b0ea625c0b6a9f
290,https://news.yahoo.com/russian-foreign-minister-says-nuclear-180754478.html
291,https://news.yahoo.com/supreme-court-declines-block-elite-224859575.html
292,https://www.huffpost.com/entry/mitch-mcconnell-exhilarated-capitol-riot-book_n_62672eb5e4b0d0774864468d
293,https://news.yahoo.com/russia-says-western-weapons-ukraine-220334307.html
294,https://news.yahoo.com/son-cult-leader-warren-jeffs-001410167.html
295,https://www.foxnews.com/us/florida-amusement-park-ride-death-lawsuit
296,https://www.foxnews.com/media/mike-rowe-shadows-wilmington-nc-police-department-fox-business
297,https://www.huffpost.com/entry/alec-baldwin-rust-investigation-ongoing_n_626724cbe4b0197ae3f9e983
298,https://www.buzzfeednews.com/article/sarahemerson/opensea-gem-nft-sexual-abuse-josh-thompson
299,https://www.foxnews.com/politics/big-tech-censored-biden-criticism-more-than-600-times-over-2-years-report
300,https://www.foxnews.com/politics/pelosi-obama-jealous-biden-book-reveals
301,https://www.foxnews.com/politics/biden-oregon-kurt-schrader-midterm
302,https://www.foxnews.com/media/conway-theme-of-bidens-presidency-is-no-country-for-old-men
303,https://www.foxnews.com/media/sanctioning-putins-girlfriend-alina-kabaeva-rebekah-koffler
304,https://www.foxnews.com/entertainment/hollywood-reacts-elon-musk-buying-twitter
305,https://www.foxnews.com/politics/republicans-texas-border-heartbreaking-situation-dems-title-42
306,https://www.foxnews.com/us/missing-10-year-old-wisconsin-girl-found-dead-police-open-homicide-investigation
307,https://www.foxnews.com/media/joe-rogan-gained-2-million-subscribers-spotify
308,https://www.foxnews.com/entertainment/kylie-jenner-testifies-tyga-claimed-blac-chyna-slashed-him-with-knife
309,https://www.foxnews.com/world/putin-us-allies-are-trying-to-split-russian-society-with-war-in-ukraine
310,https://www.foxnews.com/politics/austin-blinken-russia-weakened-ukraine-succeeding
311,https://news.yahoo.com/powerful-rip-current-sweeps-two-234355638.html
312,https://news.yahoo.com/california-staff-report-recommends-denial-003053384.html
313,https://news.yahoo.com/seth-meyers-brutally-mocks-ivanka-014645834.html
314,https://www.foxnews.com/sports/mlb-legend-pete-rose-sports-betting-came-along-at-wrong-time
315,https://www.foxnews.com/us/slain-florida-mom-cassie-carlis-pleads-not-guilty-evidence-tampering-other-charges-demands-jury-trial
316,https://news.yahoo.com/russian-troops-ukraine-suffered-many-020843894.html
317,https://www.foxbusiness.com/business-leaders/former-twitter-ceo-jack-dorsey-responds-to-musk-takeover-elon-is-the-singular-solution-i-trust
318,https://www.foxbusiness.com/real-estate/blackstone-buy-ps-business-parks-billions-take-private-deal
319,https://www.foxnews.com/media/jesse-watters-democrats-panicked-red-wave-coming
320,https://www.foxnews.com/media/hannity-big-tech-allowed-media-companies-morph-left-echo-chamber
321,https://news.yahoo.com/man-sought-kidnapping-3-old-003331459.html
322,https://news.yahoo.com/san-jose-police-search-suspect-010800716.html
323,https://news.yahoo.com/live-updates-blinken-says-russia-063604654.html
324,https://news.yahoo.com/trump-intelligence-boast-backfires-181418271.html
325,https://www.foxbusiness.com/politics/babylon-bee-others-return-twitter-after-musk-buys
326,https://www.foxbusiness.com/lifestyle/netflix-subscriber-losses-streaming-cancellations
327,https://news.yahoo.com/justices-allow-admissions-policy-prestigious-213656382.html
328,https://news.yahoo.com/latest-weather-brianna-ruffalo-180332568.html
329,https://www.foxbusiness.com/politics/fed-nominee-brainard-expected-to-get-senate-nod-tuesday
330,https://www.foxbusiness.com/luxury/general-motors-to-produce-an-electric-corvette
331,https://www.foxbusiness.com/money/whirlpool-says-consumers-appliance-demand-is-waning-as-costs-mount
332,https://www.huffpost.com/entry/sean-hannity-texts-mark-meadows-election-day_n_62673540e4b0d077486450e8
333,https://www.huffpost.com/entry/donald-trump-harry-meghan-markle-whipped-piers-morgan_n_62673105e4b0dc52f49ae74c
334,https://www.huffpost.com/entry/mark-meadows-jan-6-texts_n_6266e5fde4b0d0774863f361
335,https://www.huffpost.com/entry/andrew-celli-cnn-marjorie-taylor-greene-shocking-memory-insurrection_n_6267260ae4b0d0774864407f
336,https://www.huffpost.com/entry/cary-elwes-bite-injury-princess-bride_n_62675c73e4b0ea625c0ba42c
337,https://www.huffpost.com/entry/antonio-guterres-united-nations-ukraine-russia_n_62669505e4b0dc52f499cc55
